a6fb549b-dc53-47d8-b9d7-a0dc8da53a53,f0db0f13-abb8-4483-811a-61683ead45c9,181,5,2026-02-17T21:04:06.585724300Z
6cebddf0-9122-42a6-85b7-390431c0b8d1,9ecda2ac-9a29-467c-b257-7300a415e2a3,180,5,2026-02-17T21:04:06.589746700Z
840cb4a5-e53d-40c0-a2cf-a400e868745e,75d2cdf7-0fd5-4201-abf1-76a23d5145b0,179,5,2026-02-17T21:04:06.589746700Z
ac054f1b-5d21-49e6-8365-875f29d98bc7,19ffe269-e211-4230-a163-19e5680caf5e,178,5,2026-02-17T21:04:06.591257300Z
dab448dc-5f3b-4c5b-a4dd-f33bed2a8364,64f65de6-46c0-4628-85c4-1f5e06fb1e75,177,5,2026-02-17T21:04:06.592650900Z
2a6d98ac-9b59-48df-964e-d1a537763351,572997e1-26ee-44ac-b3d8-fc7ca9662c4e,175,5,2026-02-17T21:04:06.596784700Z
ac1ca740-9cac-45f6-979e-68f925cf1e90,6d49e0f8-5e9c-4429-a137-6cc9112dfd36,174,5,2026-02-17T21:04:06.598802400Z
d6b3b1da-8e03-496e-9c83-3a8098fe7f0f,fa63940c-a0d0-4ee7-99eb-0ecf1f972c49,173,5,2026-02-17T21:04:06.600810100Z
42880311-f5df-47ed-8261-9221238fcc3a,e28864e5-d8f4-49b7-9add-42bfbc304020,172,5,2026-02-17T21:04:06.600810100Z
57940b18-7a7e-4634-b780-d23b8e3d8b43,9a303999-b26f-4a37-9e67-9009eaf1874c,171,5,2026-02-17T21:04:06.603542500Z
11aa2cd4-e24e-4ee4-9b11-17513ea3f08f,b40c22a7-ee33-4e89-b08e-6332d96f1f1b,170,5,2026-02-17T21:04:06.603542500Z
d677941f-7f0a-4d9b-9312-c3c24b1810f8,cb9337ae-fc96-4c59-bb3a-ba51edd309f8,170,5,2026-02-17T21:04:06.606582900Z
dfcab773-b4df-49c8-8372-03b3ede371e2,c8a82828-4ef1-4480-9eab-2d886de4cd0d,170,5,2026-02-17T21:04:06.607582300Z
6dde21e4-a16f-49e3-b02c-69fc8373fa73,2ec8f5dc-0671-4884-a519-9eafb61cca22,169,5,2026-02-17T21:04:06.608585100Z
33d388ad-259b-42d4-bdc1-eae06cbeeb38,6cf0fbc3-a84c-4a62-9cd7-fe2cf470aa9a,176,5,2026-02-17T21:04:06.609581900Z
5245b127-8dc5-407d-b5a8-b004894d5ff3,82978986-ddc2-43f1-a79a-26cc796c0191,181,5,2026-02-17T21:04:06.611583900Z
967fb590-a3ae-401b-b488-3228812c35dc,52a582a7-b5a7-4ce9-be5c-3ab5f3608244,181,5,2026-02-17T21:04:06.612583700Z
3cd297ba-bc2a-47fd-80c6-e912a9d3156c,b384de26-1975-4b99-b07b-5cc86246623a,181,5,2026-02-17T21:04:06.614090Z
a3d82b8f-b8b7-4145-a3b0-9801532326d1,6d74fcb6-c482-4fbc-aaff-0b69aa138deb,181,5,2026-02-17T21:04:06.616098700Z
2a16d157-a176-4a00-9557-4ac20be42f94,d6f13cc1-bcc5-4ac1-8426-8f358b4696fa,181,5,2026-02-17T21:04:06.618098400Z
31701ca9-660b-4e68-85f1-0c75f216c489,62841f3e-be92-418e-9492-3f233f0969ee,181,5,2026-02-17T21:04:06.620099Z
4d389c8c-fe46-418f-9cfe-15a2aa3c7be8,dd7711b3-44a6-4187-b336-6d2fe55b888f,151,5,2026-02-17T21:04:06.622099400Z
40edb100-0d8d-477f-b8d6-01ad3b27ae67,14a3ae89-af3c-4ced-af95-c56e12ea396b,151,5,2026-02-17T21:04:06.624099300Z
